USUBJID,TRT01A,AGE,SEX,RACE,WEIGHT,HEIGHT
S001,Drug A,45,M,WHITE,78.5,175
S002,Drug A,52,F,ASIAN,58.2,160
S003,Drug A,38,F,WHITE,62.0,165
S004,Drug A,61,M,BLACK OR AFRICAN AMERICAN,85.0,180
S005,Drug A,,M,WHITE,90.2,178
S006,Drug A,49,F,ASIAN,55.5,158
S007,Drug A,63,M,WHITE,82.3,172
S008,Drug A,44,F,OTHER,60.8,162
S009,Drug A,50,F,WHITE,68.4,168
S010,Drug A,55,M,ASIAN,72.1,170
S011,Drug A,42,F,WHITE,59.8,163
S012,Drug A,58,M,,88.5,182
S013,Drug A,35,F,ASIAN,52.3,156
S014,Drug A,67,M,WHITE,76.2,174
S015,Drug A,48,F,WHITE,64.0,166
S016,Drug A,53,M,OTHER,79.8,176
S017,Drug A,41,F,WHITE,57.6,161
S018,Drug A,60,,ASIAN,70.5,169
S019,Drug A,46,F,BLACK OR AFRICAN AMERICAN,73.2,167
S020,Drug A,51,M,WHITE,81.0,177
S021,Drug A,47,M,WHITE,79.0,176
S022,Drug A,54,F,ASIAN,56.8,159
S023,Drug A,39,F,WHITE,63.5,164
S024,Drug A,62,M,BLACK OR AFRICAN AMERICAN,86.2,181
S025,Drug A,56,M,WHITE,,
S026,Drug B,50,F,ASIAN,54.2,157
S027,Drug B,64,M,WHITE,83.5,173
S028,Drug B,43,F,OTHER,61.5,163
S029,Drug B,51,F,WHITE,67.8,167
S030,Drug B,56,M,ASIAN,71.5,171
S031,Drug B,40,F,WHITE,60.2,162
S032,Drug B,59,M,BLACK OR AFRICAN AMERICAN,87.5,183
S033,Drug B,36,F,ASIAN,53.0,155
S034,Drug B,68,M,WHITE,77.0,175
S035,,49,F,WHITE,65.5,165
S036,Drug B,54,M,OTHER,80.5,177
S037,Drug B,42,F,WHITE,58.0,160
S038,Drug B,,M,ASIAN,69.8,170
S039,Drug B,47,F,BLACK OR AFRICAN AMERICAN,74.0,168
S040,Drug B,52,M,WHITE,82.5,178
S041,Drug B,46,M,WHITE,77.5,174
S042,Drug B,53,F,ASIAN,57.5,158
S043,Drug B,40,F,WHITE,62.8,164
S044,Drug B,60,M,BLACK OR AFRICAN AMERICAN,84.5,180
S045,Drug A,55,M,WHITE,89.0,178
S046,Drug B,51,F,ASIAN,55.0,157
S047,Drug B,62,M,WHITE,81.5,172
S048,Drug B,45,F,OTHER,61.0,162
S049,Drug B,52,F,WHITE,66.5,166
S050,Drug B,57,M,ASIAN,72.5,170
S051,Placebo,41,F,WHITE,59.5,163
S052,Placebo,58,M,BLACK OR AFRICAN AMERICAN,87.0,182
S053,Placebo,37,F,ASIAN,52.5,156
S054,Placebo,66,M,WHITE,76.5,174
S055,Placebo,50,F,,64.5,165
S056,Placebo,55,M,OTHER,80.0,176
S057,Placebo,43,F,WHITE,58.5,161
S058,Placebo,59,M,ASIAN,70.0,169
S059,Placebo,48,F,BLACK OR AFRICAN AMERICAN,73.5,167
S060,Placebo,54,M,WHITE,,177
S061,Placebo,45,M,WHITE,76.0,175
S062,Placebo,52,F,ASIAN,57.0,158
S063,Placebo,39,F,WHITE,62.5,164
S064,Placebo,61,M,BLACK OR AFRICAN AMERICAN,85.5,180
S065,Placebo,56,M,WHITE,88.5,178
S066,Placebo,49,F,ASIAN,54.5,157
S067,Placebo,63,M,WHITE,82.0,172
S068,Placebo,44,F,OTHER,60.5,162
S069,Placebo,51,F,WHITE,67.5,166
S070,Placebo,55,M,ASIAN,71.0,170